{
  "group": "cheater",
  "type": "minecraft:crafting_shaped",
  "pattern": [
    "012",
    "345",
    "678"
  ],
  "key": {
    "0": {
      "item": "minecraft:bedrock"
    },
    "1": {
      "item": "minecraft:bedrock"
    },
    "2": {
      "item": "minecraft:bedrock"
    },
    "3": {
      "item": "minecraft:bedrock"
    },
    "4": {
      "item": "itecheate:cheated_pickaxe"
    },
    "5": {
      "item": "itecheate:cheated_axe"
    },
    "6": {
      "item": "itecheate:cheated_shovel"
    },
    "7": {
      "item": "itecheate:cheated_sword"
    },
    "8": {
      "item": "itecheate:cheated_hoe"
    }
  },
  "result": {
    "item": "itecheate:multicheater",
    "count": 4
  }
}