{
  "_fv": 24,
  "_type": "recipe",
  "definition": {
    "recipeType": "Crafting",
    "xpReward": 0.0,
    "cookingTime": 200,
    "recipeRetstackSize": 14,
    "group": "",
    "recipeShapeless": false,
    "recipeSlots": [
      {
        "value": ""
      },
      {
        "value": "Blocks.OBSIDIAN"
      },
      {
        "value": ""
      },
      {
        "value": "Blocks.OBSIDIAN"
      },
      {
        "value": "Items.NETHER_STAR"
      },
      {
        "value": "Blocks.OBSIDIAN"
      },
      {
        "value": ""
      },
      {
        "value": "Blocks.OBSIDIAN"
      },
      {
        "value": ""
      }
    ],
    "recipeReturnStack": {
      "value": "Blocks.BEDROCK"
    },
    "name": "bedcraft",
    "namespace": "mod"
  }
}