{
  "_fv": 24,
  "_type": "tool",
  "definition": {
    "renderType": 0,
    "texture": "cheated_pickaxe",
    "customModelName": "Normal",
    "name": "Cheated Pickaxe",
    "specialInfo": [],
    "creativeTab": {
      "value": "TOOLS"
    },
    "toolType": "Pickaxe",
    "harvestLevel": 75,
    "efficiency": 43.5,
    "attackSpeed": 6.6,
    "enchantability": 167,
    "damageVsEntity": 26.0,
    "usageCount": 6346,
    "blocksAffected": [],
    "hasGlow": false,
    "repairItems": [
      {
        "value": "Blocks.BEDROCK"
      }
    ],
    "immuneToFire": true,
    "stayInGridWhenCrafting": true,
    "damageOnCrafting": false
  }
}