{
  "_fv": 24,
  "_type": "tool",
  "definition": {
    "renderType": 0,
    "texture": "cheated_shovel",
    "customModelName": "Normal",
    "name": "Cheated Shovel",
    "specialInfo": [],
    "creativeTab": {
      "value": "TOOLS"
    },
    "toolType": "Spade",
    "harvestLevel": 104,
    "efficiency": 71.0,
    "attackSpeed": 11.1,
    "enchantability": 198,
    "damageVsEntity": 25.400000000000002,
    "usageCount": 6280,
    "blocksAffected": [],
    "hasGlow": false,
    "repairItems": [
      {
        "value": "Blocks.BEDROCK"
      }
    ],
    "immuneToFire": true,
    "stayInGridWhenCrafting": true,
    "damageOnCrafting": false
  }
}