{
  "_fv": 24,
  "_type": "tool",
  "definition": {
    "renderType": 0,
    "texture": "cheated_hoe",
    "customModelName": "Normal",
    "name": "Cheated Hoe",
    "specialInfo": [],
    "creativeTab": {
      "value": "TOOLS"
    },
    "toolType": "Hoe",
    "harvestLevel": 60,
    "efficiency": 49.0,
    "attackSpeed": 8.7,
    "enchantability": 160,
    "damageVsEntity": 24.3,
    "usageCount": 6311,
    "blocksAffected": [],
    "hasGlow": false,
    "repairItems": [
      {
        "value": "Blocks.BEDROCK"
      }
    ],
    "immuneToFire": true,
    "stayInGridWhenCrafting": true,
    "damageOnCrafting": false
  }
}