{
  "_fv": 24,
  "_type": "tool",
  "definition": {
    "renderType": 0,
    "texture": "cheated_sword",
    "customModelName": "Normal",
    "name": "Cheated Sword",
    "specialInfo": [],
    "creativeTab": {
      "value": "COMBAT"
    },
    "toolType": "Sword",
    "harvestLevel": 68,
    "efficiency": 38.0,
    "attackSpeed": 13.7,
    "enchantability": 248,
    "damageVsEntity": 76.0,
    "usageCount": 6280,
    "blocksAffected": [],
    "hasGlow": false,
    "repairItems": [
      {
        "value": "Blocks.BEDROCK"
      }
    ],
    "immuneToFire": true,
    "stayInGridWhenCrafting": true,
    "damageOnCrafting": false
  }
}