{
  "_fv": 24,
  "_type": "tool",
  "definition": {
    "renderType": 0,
    "texture": "cheated_axe",
    "customModelName": "Normal",
    "name": "Cheated Axe",
    "specialInfo": [],
    "creativeTab": {
      "value": "TOOLS"
    },
    "toolType": "Axe",
    "harvestLevel": 56,
    "efficiency": 61.5,
    "attackSpeed": 11.799999999999999,
    "enchantability": 150,
    "damageVsEntity": 90.0,
    "usageCount": 6280,
    "blocksAffected": [],
    "hasGlow": false,
    "repairItems": [
      {
        "value": "Blocks.BEDROCK"
      }
    ],
    "immuneToFire": true,
    "stayInGridWhenCrafting": true,
    "damageOnCrafting": false
  }
}