{
  "_fv": 24,
  "_type": "tool",
  "definition": {
    "renderType": 0,
    "texture": "multicheated",
    "customModelName": "Normal",
    "name": "Multicheater",
    "specialInfo": [
      "l'outil ultime !"
    ],
    "creativeTab": {
      "value": "COMBAT"
    },
    "toolType": "Special",
    "harvestLevel": 1,
    "efficiency": 58.0,
    "attackSpeed": 10.799999999999999,
    "enchantability": 84,
    "damageVsEntity": 11.0,
    "usageCount": 149,
    "blocksAffected": [],
    "hasGlow": false,
    "repairItems": [],
    "immuneToFire": true,
    "stayInGridWhenCrafting": true,
    "damageOnCrafting": false
  }
}