{
  "_fv": 24,
  "_type": "recipe",
  "definition": {
    "recipeType": "Crafting",
    "xpReward": 0.0,
    "cookingTime": 200,
    "recipeRetstackSize": 4,
    "group": "cheater",
    "recipeShapeless": false,
    "recipeSlots": [
      {
        "value": "Blocks.BEDROCK"
      },
      {
        "value": "Blocks.BEDROCK"
      },
      {
        "value": "Blocks.BEDROCK"
      },
      {
        "value": "Blocks.BEDROCK"
      },
      {
        "value": "CUSTOM:CheatedPickaxe"
      },
      {
        "value": "CUSTOM:CheatedAxe"
      },
      {
        "value": "CUSTOM:CheatedShovel"
      },
      {
        "value": "CUSTOM:CheatedSword"
      },
      {
        "value": "CUSTOM:CheatedHoe"
      }
    ],
    "recipeReturnStack": {
      "value": "CUSTOM:Multicheater"
    },
    "name": "multicheater",
    "namespace": "mod"
  }
}